Date,Price,Open,High,Low,Vol.,Change %
20-Jul-22,0.070707,0.069039,0.076849,0.06778,2.44B,2.41%
19-Jul-22,0.069045,0.067684,0.070209,0.065493,1.52B,2.01%
18-Jul-22,0.067685,0.063038,0.068797,0.063006,1.67B,7.37%
17-Jul-22,0.063038,0.064374,0.065493,0.062921,634.14M,-2.06%
16-Jul-22,0.064362,0.062932,0.064804,0.061781,712.45M,2.27%
15-Jul-22,0.062936,0.062429,0.064359,0.061648,968.14M,0.82%
14-Jul-22,0.062424,0.061948,0.062774,0.059506,899.83M,0.77%
13-Jul-22,0.061949,0.059787,0.062078,0.057692,1.21B,3.63%
12-Jul-22,0.05978,0.061744,0.062976,0.059733,719.50M,-3.19%
11-Jul-22,0.061751,0.067239,0.067242,0.061208,883.59M,-8.16%
10-Jul-22,0.067237,0.069464,0.06948,0.066316,707.63M,-3.21%
9-Jul-22,0.069464,0.069081,0.070112,0.068856,494.86M,0.57%
8-Jul-22,0.069073,0.070593,0.07326,0.068283,1.14B,-2.14%
7-Jul-22,0.070584,0.068458,0.071174,0.067936,973.80M,3.10%
6-Jul-22,0.06846,0.06716,0.069255,0.066214,956.69M,1.94%
5-Jul-22,0.06716,0.069326,0.069982,0.065542,914.26M,-3.11%
4-Jul-22,0.069318,0.067208,0.069776,0.065694,939.54M,3.15%
3-Jul-22,0.067199,0.066633,0.067457,0.064958,684.15M,0.87%
2-Jul-22,0.066623,0.066416,0.067791,0.065629,916.81M,0.32%
1-Jul-22,0.066411,0.066301,0.068075,0.063989,1.32B,0.14%
30-Jun-22,0.066322,0.069495,0.06965,0.062376,1.66B,-4.58%
29-Jun-22,0.069504,0.06605,0.071455,0.064197,1.69B,5.23%
28-Jun-22,0.066046,0.072003,0.073116,0.06547,1.63B,-8.25%
27-Jun-22,0.071983,0.072941,0.078601,0.070597,2.74B,-1.31%
26-Jun-22,0.072938,0.068507,0.077486,0.067255,2.68B,6.47%
25-Jun-22,0.068507,0.066911,0.069195,0.065134,1.16B,2.38%
24-Jun-22,0.066913,0.063959,0.068294,0.063941,1.36B,4.64%
23-Jun-22,0.063945,0.061674,0.064688,0.061647,1.27B,3.71%
22-Jun-22,0.061659,0.065781,0.065786,0.061093,1.96B,-6.25%
21-Jun-22,0.065773,0.060046,0.06972,0.059037,3.30B,9.54%
20-Jun-22,0.060043,0.060477,0.061324,0.057453,1.51B,-0.71%
19-Jun-22,0.060469,0.052884,0.062835,0.051185,3.64B,14.37%
18-Jun-22,0.052871,0.056857,0.057822,0.049239,2.39B,-7.00%
17-Jun-22,0.056851,0.055206,0.058002,0.054641,1.17B,3.02%
16-Jun-22,0.055182,0.062798,0.062798,0.054264,2.54B,-11.96%
15-Jun-22,0.062678,0.055547,0.063649,0.050452,3.69B,12.79%
14-Jun-22,0.055569,0.05418,0.058345,0.04987,3.30B,2.63%
13-Jun-22,0.054145,0.063531,0.065888,0.052494,4.78B,-14.77%
12-Jun-22,0.063528,0.069845,0.070311,0.06349,1.99B,-8.99%
11-Jun-22,0.069803,0.075364,0.076459,0.068175,1.29B,-7.38%
10-Jun-22,0.075363,0.079343,0.079653,0.074248,906.17M,-5.03%
9-Jun-22,0.079351,0.079288,0.081035,0.078945,546.14M,0.08%
8-Jun-22,0.079291,0.080365,0.081545,0.078834,849.30M,-1.35%
7-Jun-22,0.080374,0.082501,0.08254,0.077819,1.27B,-2.56%
6-Jun-22,0.082489,0.081038,0.084687,0.080903,1.37B,1.69%
5-Jun-22,0.081115,0.081835,0.082193,0.080596,647.40M,-0.88%
4-Jun-22,0.081835,0.080273,0.082428,0.079337,906.09M,1.94%
3-Jun-22,0.080275,0.082757,0.082939,0.07938,1.02B,-3.00%
2-Jun-22,0.082755,0.080976,0.083114,0.080106,1.15B,2.20%
1-Jun-22,0.08097,0.085831,0.089324,0.079056,2.50B,-5.63%
31-May-22,0.085803,0.087918,0.088425,0.083159,1.79B,-2.38%
30-May-22,0.087898,0.082699,0.088414,0.08211,1.63B,6.29%
29-May-22,0.082697,0.081798,0.083221,0.079956,569.60M,1.10%
28-May-22,0.081798,0.081332,0.08319,0.080876,833.58M,0.60%
27-May-22,0.08131,0.077868,0.087072,0.076101,2.80B,4.41%
26-May-22,0.077878,0.082975,0.083702,0.075445,1.26B,-6.14%
25-May-22,0.082975,0.083675,0.084473,0.082118,613.71M,-0.77%
24-May-22,0.083616,0.083276,0.084311,0.080195,581.83M,0.46%
23-May-22,0.083231,0.085874,0.088293,0.082195,763.73M,-3.08%
22-May-22,0.085874,0.084428,0.086644,0.083853,344.76M,1.71%
21-May-22,0.084427,0.083892,0.085293,0.082574,327.66M,0.68%
20-May-22,0.083859,0.086643,0.087901,0.082608,732.84M,-3.23%
19-May-22,0.086661,0.083366,0.087415,0.081508,854.45M,3.95%
18-May-22,0.083366,0.090267,0.090967,0.083151,988.79M,-7.66%
17-May-22,0.090277,0.087985,0.091331,0.086973,1.01B,2.64%
16-May-22,0.087952,0.093191,0.093191,0.085903,1.05B,-5.63%
15-May-22,0.093197,0.089386,0.093197,0.086587,1.16B,4.26%
14-May-22,0.089386,0.088083,0.091874,0.083685,1.68B,1.47%
13-May-22,0.08809,0.082447,0.095103,0.082152,3.69B,6.78%
12-May-22,0.082498,0.084823,0.089624,0.068584,6.26B,-2.74%
11-May-22,0.084818,0.108044,0.110705,0.075829,7.18B,-21.43%
10-May-22,0.107958,0.101361,0.118172,0.099659,3.10B,6.48%
9-May-22,0.101385,0.124116,0.125198,0.101263,3.17B,-18.31%
8-May-22,0.124115,0.127451,0.128175,0.123157,1.14B,-2.63%
7-May-22,0.127464,0.127811,0.132207,0.124916,1.33B,-0.27%
6-May-22,0.127806,0.128132,0.129771,0.123792,1.40B,-0.22%
5-May-22,0.12809,0.135906,0.137688,0.126271,2.42B,-5.75%
4-May-22,0.135905,0.129415,0.136086,0.129008,1.44B,5.02%
3-May-22,0.129413,0.130799,0.131888,0.126586,903.77M,-1.06%
2-May-22,0.130802,0.132761,0.133896,0.127735,1.19B,-1.49%
1-May-22,0.132776,0.12744,0.136289,0.12611,1.77B,4.17%
30-Apr-22,0.127465,0.134927,0.136757,0.124521,1.82B,-5.52%
29-Apr-22,0.134912,0.137491,0.144982,0.133296,2.93B,-1.89%
28-Apr-22,0.137507,0.139976,0.143221,0.135475,2.20B,-1.76%
27-Apr-22,0.139966,0.137684,0.14559,0.13523,3.41B,1.66%
26-Apr-22,0.137684,0.157851,0.166093,0.136269,9.46B,-12.77%
25-Apr-22,0.157843,0.131732,0.169885,0.122725,10.48B,19.81%
24-Apr-22,0.131746,0.133811,0.134709,0.131198,749.44M,-1.53%
23-Apr-22,0.133795,0.136355,0.136716,0.133356,512.07M,-1.89%
22-Apr-22,0.136372,0.13621,0.138037,0.134792,833.46M,0.13%
21-Apr-22,0.136198,0.140635,0.142716,0.134425,1.28B,-3.14%
20-Apr-22,0.140619,0.142581,0.146577,0.139125,1.93B,-1.40%
19-Apr-22,0.142616,0.140206,0.144459,0.13923,1.20B,1.72%
18-Apr-22,0.140206,0.13914,0.140429,0.133746,1.77B,0.74%
17-Apr-22,0.139173,0.143524,0.144905,0.13853,1.03B,-3.04%
16-Apr-22,0.14353,0.14593,0.147924,0.141461,1.09B,-1.65%
15-Apr-22,0.145933,0.144022,0.149694,0.142113,2.06B,1.41%
14-Apr-22,0.143911,0.139871,0.147435,0.137294,3.26B,2.89%
13-Apr-22,0.139871,0.137934,0.142936,0.136486,1.55B,1.35%
12-Apr-22,0.138006,0.1341,0.144376,0.133234,2.40B,2.90%
11-Apr-22,0.134113,0.148102,0.151386,0.133025,3.15B,-9.43%
10-Apr-22,0.14807,0.144212,0.157515,0.143608,3.79B,2.71%
9-Apr-22,0.14417,0.142583,0.144513,0.140738,921.02M,1.13%
8-Apr-22,0.142564,0.146059,0.153003,0.140731,3.26B,-2.38%
7-Apr-22,0.146036,0.143365,0.148172,0.14028,2.80B,2.05%
6-Apr-22,0.143102,0.172654,0.174104,0.142508,7.38B,-17.05%
5-Apr-22,0.172508,0.148517,0.179018,0.147416,9.36B,16.16%
4-Apr-22,0.148512,0.146325,0.156286,0.141496,4.01B,1.51%
3-Apr-22,0.146308,0.138697,0.149395,0.1363,1.85B,5.48%
2-Apr-22,0.138704,0.141403,0.144299,0.138369,1.21B,-1.88%
1-Apr-22,0.141361,0.138077,0.142561,0.132265,1.60B,2.36%
31-Mar-22,0.138099,0.14317,0.147802,0.136352,2.13B,-3.47%
30-Mar-22,0.143061,0.144501,0.145389,0.138524,1.68B,-1.00%
29-Mar-22,0.144503,0.142177,0.148796,0.140795,1.80B,1.62%
28-Mar-22,0.142204,0.144832,0.1535,0.141409,2.93B,-1.82%
27-Mar-22,0.144839,0.136072,0.145376,0.135541,2.75B,6.42%
26-Mar-22,0.136101,0.130813,0.136825,0.12909,1.21B,4.03%
25-Mar-22,0.130831,0.136814,0.137471,0.128025,1.82B,-4.34%
24-Mar-22,0.136773,0.129805,0.140907,0.127841,3.37B,5.36%
23-Mar-22,0.129818,0.122436,0.131183,0.121085,1.83B,6.05%
22-Mar-22,0.122418,0.119245,0.125622,0.118728,1.03B,2.68%
21-Mar-22,0.119218,0.119099,0.121586,0.117789,724.69M,0.14%
20-Mar-22,0.119054,0.123539,0.124079,0.11746,688.17M,-3.63%
19-Mar-22,0.123535,0.119188,0.124991,0.1184,1.11B,3.63%
18-Mar-22,0.119207,0.116343,0.119528,0.114314,339.03M,2.47%
17-Mar-22,0.116336,0.116988,0.119228,0.116135,355.05M,-0.57%
16-Mar-22,0.116997,0.112591,0.117025,0.112107,527.73M,3.91%
15-Mar-22,0.112591,0.113975,0.114209,0.110292,346.15M,-1.17%
14-Mar-22,0.113923,0.111566,0.121335,0.110319,774.55M,2.08%
13-Mar-22,0.1116,0.114717,0.116291,0.110102,348.52M,-2.71%
12-Mar-22,0.11471,0.115419,0.117289,0.11471,109.33M,-0.61%
11-Mar-22,0.115416,0.116885,0.118459,0.114119,214.96M,-1.26%
10-Mar-22,0.116885,0.121489,0.121751,0.115029,359.25M,-3.79%
9-Mar-22,0.121489,0.117086,0.123962,0.116574,305.95M,3.76%
8-Mar-22,0.117086,0.118887,0.119963,0.115344,297.77M,0.11%
7-Mar-22,0.116952,0.123778,0.123785,0.113997,275.56M,-5.51%
6-Mar-22,0.123778,0.123118,0.125528,0.119675,217.34M,0.54%
5-Mar-22,0.123119,0.122519,0.126188,0.121068,137.36M,0.51%
4-Mar-22,0.122496,0.129689,0.130596,0.12027,373.02M,-5.55%
3-Mar-22,0.129689,0.133033,0.133808,0.127289,691.75M,-2.51%
2-Mar-22,0.133033,0.13395,0.136758,0.130792,885.68M,-0.69%
1-Mar-22,0.133951,0.13347,0.138805,0.129953,1.25B,0.36%
28-Feb-22,0.133469,0.122965,0.134819,0.121422,1.07B,8.54%
27-Feb-22,0.122963,0.127599,0.12833,0.121306,883.80M,-3.63%
26-Feb-22,0.127596,0.127659,0.130276,0.125801,764.79M,-0.05%
25-Feb-22,0.127659,0.124013,0.12829,0.120605,1.15B,2.94%
24-Feb-22,0.124013,0.127247,0.127674,0.107474,4.01B,-2.52%
23-Feb-22,0.127224,0.131335,0.135383,0.127222,959.11M,-3.14%
22-Feb-22,0.131352,0.12812,0.131786,0.124295,1.21B,2.55%
21-Feb-22,0.128089,0.136627,0.141556,0.127261,1.69B,-6.24%
20-Feb-22,0.136611,0.140909,0.141095,0.135477,838.15M,-3.05%
19-Feb-22,0.140908,0.138599,0.146354,0.138484,1.07B,1.68%
18-Feb-22,0.138583,0.138369,0.142164,0.136167,980.76M,0.12%
17-Feb-22,0.138414,0.148754,0.149999,0.137236,1.23B,-6.95%
16-Feb-22,0.148757,0.151606,0.151643,0.146288,704.25M,-1.89%
15-Feb-22,0.151626,0.145778,0.152347,0.144858,966.78M,3.93%
14-Feb-22,0.145895,0.148129,0.150132,0.142986,1.46B,-1.53%
13-Feb-22,0.148156,0.144302,0.157644,0.143727,2.61B,2.67%
12-Feb-22,0.144303,0.144804,0.147246,0.140862,969.02M,-0.37%
11-Feb-22,0.144842,0.151458,0.154203,0.14263,1.21B,-4.34%
10-Feb-22,0.151417,0.159353,0.160551,0.150656,1.60B,-4.99%
9-Feb-22,0.159365,0.158127,0.162069,0.154445,1.29B,0.83%
8-Feb-22,0.158056,0.165201,0.169607,0.153091,2.06B,-4.32%
7-Feb-22,0.165193,0.154009,0.172657,0.1515,3.20B,7.27%
6-Feb-22,0.153996,0.146911,0.155418,0.144764,1.23B,4.81%
5-Feb-22,0.146924,0.147812,0.150426,0.144942,941.50M,-0.55%
4-Feb-22,0.147737,0.137855,0.148024,0.137041,1.05B,7.16%
3-Feb-22,0.13786,0.137059,0.138802,0.134797,718.45M,0.59%
2-Feb-22,0.137058,0.142329,0.1461,0.136238,915.12M,-3.71%
1-Feb-22,0.142331,0.141611,0.14425,0.140893,766.06M,0.49%
31-Jan-22,0.141632,0.139249,0.142377,0.136478,761.97M,1.69%
30-Jan-22,0.139284,0.142894,0.143683,0.138172,652.68M,-2.56%
29-Jan-22,0.142947,0.141465,0.143986,0.140551,645.28M,1.01%
28-Jan-22,0.141519,0.141355,0.142473,0.137964,883.86M,0.20%
27-Jan-22,0.141236,0.143016,0.145477,0.136276,1.30B,-1.21%
26-Jan-22,0.142961,0.14266,0.153061,0.141062,2.42B,0.21%
25-Jan-22,0.142655,0.137328,0.149085,0.132605,2.41B,3.86%
24-Jan-22,0.137352,0.141759,0.141804,0.126167,3.07B,-3.10%
23-Jan-22,0.141739,0.133278,0.144228,0.132155,2.35B,6.36%
22-Jan-22,0.133266,0.142031,0.145131,0.120493,4.22B,-6.24%
21-Jan-22,0.142142,0.155381,0.157406,0.140155,2.76B,-8.56%
20-Jan-22,0.15545,0.161634,0.169228,0.154094,1.40B,-3.80%
19-Jan-22,0.161593,0.165118,0.169457,0.159315,1.59B,-2.15%
18-Jan-22,0.165144,0.170955,0.174161,0.161821,1.70B,-3.42%
17-Jan-22,0.170996,0.176683,0.177928,0.16578,1.86B,-3.20%
16-Jan-22,0.176653,0.184707,0.184707,0.173712,1.77B,-4.35%
15-Jan-22,0.184686,0.183131,0.194355,0.18176,2.74B,0.89%
14-Jan-22,0.183061,0.171686,0.211988,0.170741,8.91B,6.64%
13-Jan-22,0.171666,0.162804,0.176629,0.161362,3.74B,5.47%
12-Jan-22,0.162769,0.153702,0.163087,0.151351,1.54B,5.91%
11-Jan-22,0.153689,0.143175,0.165965,0.141826,2.78B,7.34%
10-Jan-22,0.14318,0.150545,0.152149,0.13737,1.47B,-4.87%
9-Jan-22,0.150507,0.150882,0.153731,0.148723,699.42M,-0.24%
8-Jan-22,0.150862,0.154882,0.157782,0.145722,1.08B,-2.59%
7-Jan-22,0.154876,0.160096,0.160204,0.149425,1.88B,-3.26%
6-Jan-22,0.160091,0.158952,0.161965,0.154099,1.21B,0.76%
5-Jan-22,0.158881,0.168516,0.170927,0.147528,1.78B,-5.71%
4-Jan-22,0.168498,0.17028,0.172556,0.166777,849.69M,-0.97%
3-Jan-22,0.170154,0.174443,0.174493,0.167531,798.45M,-2.45%
2-Jan-22,0.174435,0.173105,0.176137,0.170661,525.95M,0.76%
1-Jan-22,0.173115,0.170297,0.173674,0.16977,546.16M,1.65%
31-Dec-21,0.170297,0.171045,0.175692,0.166378,1.08B,-0.43%
30-Dec-21,0.171028,0.167867,0.175694,0.165382,911.70M,1.89%
29-Dec-21,0.167849,0.173814,0.177313,0.166564,1.31B,-3.43%
28-Dec-21,0.173805,0.187786,0.187915,0.172172,1.65B,-7.43%
27-Dec-21,0.187748,0.189775,0.192787,0.187022,1.01B,-1.06%
26-Dec-21,0.189756,0.190581,0.192471,0.185259,909.53M,-0.41%
25-Dec-21,0.190539,0.186246,0.19464,0.184861,1.46B,2.30%
24-Dec-21,0.186256,0.184896,0.195061,0.179521,2.10B,0.78%
23-Dec-21,0.184817,0.173029,0.184817,0.171401,1.70B,6.86%
22-Dec-21,0.172948,0.170874,0.179554,0.16972,1.43B,1.24%
21-Dec-21,0.170831,0.167128,0.172228,0.165807,892.90M,2.24%
20-Dec-21,0.167083,0.169424,0.170683,0.161241,1.43B,-1.39%
19-Dec-21,0.169432,0.172374,0.174585,0.169191,841.12M,-1.69%
18-Dec-21,0.172349,0.168523,0.17531,0.166166,999.07M,2.14%
17-Dec-21,0.16874,0.173144,0.176502,0.161859,1.71B,-2.64%
16-Dec-21,0.173323,0.180958,0.185111,0.172426,1.74B,-4.22%
15-Dec-21,0.180957,0.190981,0.19107,0.170734,3.86B,-5.26%
14-Dec-21,0.190998,0.157378,0.219922,0.155293,11.07B,21.37%
13-Dec-21,0.157372,0.169677,0.170387,0.151692,1.76B,-7.26%
12-Dec-21,0.169689,0.168788,0.173228,0.165701,888.57M,0.57%
11-Dec-21,0.168723,0.164007,0.169926,0.161272,1.18B,2.91%
10-Dec-21,0.163958,0.169115,0.174449,0.163725,1.34B,-3.07%
9-Dec-21,0.169148,0.179136,0.181894,0.169076,1.76B,-5.48%
8-Dec-21,0.178961,0.176389,0.182048,0.17244,1.66B,1.49%
7-Dec-21,0.17634,0.177924,0.183701,0.175281,1.86B,-1.10%
6-Dec-21,0.178293,0.171367,0.180435,0.159361,3.08B,4.06%
5-Dec-21,0.171336,0.178943,0.180974,0.162521,2.56B,-4.25%
4-Dec-21,0.178945,0.199876,0.200272,0.133105,8.45B,-10.50%
3-Dec-21,0.199932,0.209496,0.211818,0.190763,1.86B,-4.55%
2-Dec-21,0.209467,0.209312,0.223029,0.201681,2.78B,0.06%
1-Dec-21,0.209332,0.214438,0.218703,0.205972,1.36B,-2.38%
30-Nov-21,0.214425,0.214956,0.226857,0.212852,2.71B,-0.25%
29-Nov-21,0.214954,0.207422,0.224492,0.202924,2.95B,3.59%
28-Nov-21,0.207497,0.205053,0.207497,0.191536,1.50B,1.19%
27-Nov-21,0.205067,0.201218,0.209279,0.200986,1.41B,1.96%
26-Nov-21,0.201134,0.221013,0.221767,0.190079,3.66B,-9.00%
25-Nov-21,0.221037,0.217272,0.228956,0.214334,1.76B,1.71%
24-Nov-21,0.217321,0.22671,0.229616,0.21172,1.79B,-4.15%
23-Nov-21,0.226734,0.219611,0.236107,0.213853,2.49B,3.22%
22-Nov-21,0.21967,0.225985,0.226734,0.216683,1.19B,-2.78%
21-Nov-21,0.225954,0.233067,0.23346,0.225397,896.90M,-3.05%
20-Nov-21,0.23307,0.233062,0.235725,0.225401,965.50M,0.02%
19-Nov-21,0.233017,0.221418,0.236942,0.216243,1.61B,5.25%
18-Nov-21,0.221384,0.237509,0.241272,0.215556,2.28B,-6.82%
17-Nov-21,0.237593,0.236922,0.240956,0.229922,1.66B,0.27%
16-Nov-21,0.236965,0.256726,0.256726,0.224591,2.83B,-7.69%
15-Nov-21,0.25671,0.262748,0.265189,0.255877,1.18B,-2.28%
14-Nov-21,0.262708,0.261281,0.271178,0.260301,1.65B,0.53%
13-Nov-21,0.261325,0.259502,0.262266,0.254466,1.12B,0.69%
12-Nov-21,0.259542,0.260686,0.268464,0.249854,2.02B,-0.45%
11-Nov-21,0.260721,0.25556,0.270167,0.253402,2.04B,1.98%
10-Nov-21,0.255661,0.273455,0.277202,0.237132,3.89B,-6.50%
9-Nov-21,0.273431,0.282087,0.289811,0.271828,2.89B,-3.12%
8-Nov-21,0.282235,0.266269,0.296603,0.264619,5.15B,6.00%
7-Nov-21,0.266266,0.261802,0.269565,0.258635,1.37B,1.77%
6-Nov-21,0.26163,0.26085,0.267432,0.250844,1.72B,0.30%
5-Nov-21,0.260855,0.263542,0.270631,0.257418,1.91B,-1.04%
4-Nov-21,0.263591,0.268909,0.270796,0.254394,2.36B,-1.98%
3-Nov-21,0.268912,0.273455,0.277232,0.263051,2.52B,-1.61%
2-Nov-21,0.273301,0.271789,0.280659,0.267469,2.92B,0.58%
1-Nov-21,0.271736,0.279974,0.28583,0.263697,3.85B,-2.93%
31-Oct-21,0.279928,0.268516,0.28498,0.252456,5.86B,4.25%
30-Oct-21,0.268515,0.288094,0.294704,0.25819,5.08B,-6.78%
29-Oct-21,0.288042,0.299655,0.306514,0.277888,7.56B,-3.87%
28-Oct-21,0.299635,0.237934,0.339122,0.232689,26.25B,26.19%
27-Oct-21,0.237452,0.255746,0.263544,0.219357,8.06B,-7.14%
26-Oct-21,0.255722,0.264835,0.274003,0.252977,3.50B,-3.45%
25-Oct-21,0.264847,0.275687,0.279834,0.259858,4.66B,-3.94%
24-Oct-21,0.275703,0.251133,0.282264,0.24589,7.49B,9.81%
23-Oct-21,0.251078,0.244516,0.253563,0.241355,1.96B,2.70%
22-Oct-21,0.244472,0.242357,0.252567,0.236026,2.50B,0.89%
21-Oct-21,0.242321,0.254771,0.258186,0.24191,2.39B,-4.88%
20-Oct-21,0.254748,0.245483,0.261614,0.242163,2.53B,3.78%
19-Oct-21,0.245463,0.24721,0.25466,0.24064,2.15B,-0.70%
18-Oct-21,0.247185,0.237698,0.27245,0.23731,7.04B,4.00%
17-Oct-21,0.237677,0.237287,0.241594,0.226109,1.86B,0.28%
16-Oct-21,0.237018,0.234024,0.245365,0.233751,1.88B,1.28%
15-Oct-21,0.234027,0.23252,0.243307,0.225427,2.32B,0.64%
14-Oct-21,0.232531,0.232552,0.240219,0.23124,1.69B,-0.01%
13-Oct-21,0.232549,0.226045,0.233927,0.220598,1.66B,2.88%
12-Oct-21,0.226044,0.231331,0.2316,0.216633,1.70B,-2.29%
11-Oct-21,0.231346,0.228816,0.23929,0.225421,1.70B,0.95%
10-Oct-21,0.229158,0.246621,0.248597,0.227468,1.54B,-7.07%
9-Oct-21,0.246595,0.243542,0.251923,0.241286,1.69B,1.29%
8-Oct-21,0.243452,0.242807,0.254827,0.241528,2.28B,0.26%
7-Oct-21,0.24282,0.254209,0.256688,0.237598,3.64B,-4.49%
6-Oct-21,0.254231,0.251927,0.271488,0.242827,5.86B,0.92%
5-Oct-21,0.251915,0.241348,0.267413,0.233298,6.04B,4.40%
4-Oct-21,0.241294,0.221724,0.248118,0.212778,5.17B,8.81%
3-Oct-21,0.221752,0.218545,0.226109,0.215645,1.18B,1.43%
2-Oct-21,0.218634,0.222846,0.224738,0.215284,1.29B,-1.87%
1-Oct-21,0.222811,0.204248,0.224692,0.201872,1.75B,9.08%
30-Sep-21,0.204272,0.198714,0.205766,0.197712,918.85M,2.81%
29-Sep-21,0.198698,0.196724,0.20416,0.194712,972.24M,0.99%
28-Sep-21,0.196756,0.199669,0.202436,0.196198,910.58M,-1.46%
27-Sep-21,0.199666,0.204927,0.209165,0.199634,919.18M,-2.53%
26-Sep-21,0.204858,0.208383,0.208821,0.194212,1.28B,-1.69%
25-Sep-21,0.208383,0.209143,0.212464,0.204487,1.31B,-0.36%
24-Sep-21,0.209142,0.224664,0.228217,0.197086,2.87B,-6.91%
23-Sep-21,0.224668,0.224445,0.227079,0.217708,1.55B,0.10%
22-Sep-21,0.224454,0.200667,0.229903,0.200055,2.85B,11.91%
21-Sep-21,0.200575,0.208631,0.218054,0.197964,2.07B,-3.38%
20-Sep-21,0.2076,0.233002,0.233341,0.199436,1.84B,-10.89%
19-Sep-21,0.232971,0.241403,0.241403,0.231002,916.50M,-3.48%
18-Sep-21,0.241378,0.239885,0.2473,0.238086,1.00B,0.64%
17-Sep-21,0.239833,0.241995,0.25947,0.23785,2.47B,-0.95%
16-Sep-21,0.242142,0.247445,0.247758,0.233391,301.43M,-2.13%
15-Sep-21,0.2474,0.240505,0.248172,0.238991,1.07B,2.94%
14-Sep-21,0.240342,0.235832,0.241427,0.234381,865.61M,1.92%
13-Sep-21,0.235823,0.250399,0.252095,0.228618,2.26B,-5.91%
12-Sep-21,0.250623,0.241023,0.254923,0.238822,1.49B,4.01%
11-Sep-21,0.240969,0.239602,0.247872,0.238205,1.08B,0.59%
10-Sep-21,0.239565,0.25252,0.261582,0.235698,2.03B,-5.07%
9-Sep-21,0.252357,0.256605,0.259262,0.249106,1.83B,-1.70%
8-Sep-21,0.256726,0.254684,0.26318,0.2344,3.94B,0.95%
7-Sep-21,0.254302,0.309001,0.311108,0.214585,7.93B,-17.70%
6-Sep-21,0.309001,0.314424,0.319579,0.30016,2.45B,-1.72%
5-Sep-21,0.314393,0.299221,0.315338,0.296339,2.37B,5.07%
4-Sep-21,0.299222,0.296054,0.308458,0.293337,2.17B,1.07%
3-Sep-21,0.296052,0.294805,0.30469,0.28807,2.32B,0.39%
2-Sep-21,0.294913,0.294313,0.309234,0.291845,1.35B,0.20%
1-Sep-21,0.294338,0.27823,0.294826,0.273119,2.04B,5.79%
31-Aug-21,0.278231,0.271952,0.285737,0.269844,1.81B,2.31%
30-Aug-21,0.271949,0.266995,0.283067,0.265025,1.84B,1.87%
29-Aug-21,0.266967,0.271743,0.275714,0.262304,1.44B,-1.65%
28-Aug-21,0.271453,0.289669,0.294277,0.270435,1.38B,-6.29%
27-Aug-21,0.289678,0.263296,0.289685,0.260686,2.21B,10.02%
26-Aug-21,0.263297,0.286751,0.289637,0.25916,2.51B,-8.19%
25-Aug-21,0.286787,0.284455,0.292886,0.27668,2.57B,0.77%
24-Aug-21,0.284593,0.312884,0.314331,0.27324,3.58B,-9.03%
23-Aug-21,0.312856,0.308261,0.324251,0.306551,2.80B,1.49%
22-Aug-21,0.308248,0.298475,0.309878,0.294557,2.13B,3.28%
21-Aug-21,0.298471,0.313895,0.314285,0.294575,2.77B,-4.91%
20-Aug-21,0.313874,0.316022,0.325941,0.309655,3.50B,-0.68%
19-Aug-21,0.316035,0.297627,0.318375,0.290868,3.84B,6.20%
18-Aug-21,0.297582,0.293421,0.318185,0.273458,6.75B,1.42%
17-Aug-21,0.293424,0.305608,0.325908,0.288141,5.98B,-3.96%
16-Aug-21,0.305509,0.337881,0.343586,0.300403,7.01B,-9.60%
15-Aug-21,0.337953,0.291388,0.347427,0.284517,8.04B,15.94%
14-Aug-21,0.291495,0.282953,0.296521,0.274654,4.99B,3.01%
13-Aug-21,0.282977,0.252975,0.28351,0.250438,3.83B,11.92%
12-Aug-21,0.252834,0.262339,0.292365,0.244789,6.57B,-3.63%
11-Aug-21,0.262347,0.243086,0.279388,0.242043,5.68B,7.92%
10-Aug-21,0.243097,0.253068,0.259113,0.231497,4.30B,-3.96%
9-Aug-21,0.253129,0.239304,0.265243,0.230012,5.79B,5.76%
8-Aug-21,0.239338,0.261231,0.281384,0.234218,9.09B,-8.40%
7-Aug-21,0.261285,0.203419,0.261825,0.202309,8.13B,28.51%
6-Aug-21,0.203313,0.199778,0.210519,0.197466,1.95B,1.77%
5-Aug-21,0.199786,0.200273,0.201133,0.193166,1.46B,-0.24%
4-Aug-21,0.200259,0.195401,0.202319,0.193463,1.36B,2.49%
3-Aug-21,0.195388,0.20259,0.204225,0.192766,1.56B,-3.59%
2-Aug-21,0.202657,0.203568,0.20915,0.201187,1.45B,-0.43%
1-Aug-21,0.203542,0.206723,0.216822,0.200579,2.44B,-1.49%
31-Jul-21,0.206627,0.207999,0.213619,0.204298,1.81B,-0.64%
30-Jul-21,0.207947,0.202094,0.208185,0.193864,1.97B,2.90%
29-Jul-21,0.202081,0.205102,0.205731,0.198838,1.33B,-1.46%
28-Jul-21,0.205078,0.204922,0.212946,0.201256,2.60B,0.08%
27-Jul-21,0.20491,0.203548,0.208467,0.194865,3.14B,0.67%
26-Jul-21,0.203544,0.197623,0.23275,0.196598,7.23B,3.04%
25-Jul-21,0.197533,0.189225,0.197656,0.189225,1.73B,1.75%
24-Jul-21,0.194135,0.194342,0.198113,0.190867,2.12B,-0.07%
23-Jul-21,0.194272,0.190824,0.198995,0.183208,2.07B,1.81%
22-Jul-21,0.190819,0.190294,0.196036,0.186305,2.19B,0.33%
21-Jul-21,0.1902,0.169995,0.213724,0.168116,6.99B,11.90%
20-Jul-21,0.16998,0.172386,0.17795,0.159506,3.04B,-1.39%
19-Jul-21,0.172381,0.179217,0.181502,0.169689,1.76B,-3.82%
18-Jul-21,0.179223,0.186197,0.195538,0.178217,2.18B,-3.72%
17-Jul-21,0.186148,0.171401,0.204383,0.168685,3.96B,8.61%
16-Jul-21,0.171393,0.18457,0.187342,0.170699,1.94B,-7.13%
15-Jul-21,0.18455,0.19727,0.200281,0.179943,1.57B,-6.46%
14-Jul-21,0.197285,0.199349,0.204037,0.187339,1.95B,-1.04%
13-Jul-21,0.199354,0.207023,0.207023,0.197284,1.41B,-3.70%
12-Jul-21,0.207021,0.214899,0.217431,0.203465,1.22B,-3.56%
11-Jul-21,0.214666,0.213362,0.218014,0.210114,827.39M,0.61%
10-Jul-21,0.213355,0.219219,0.227071,0.209778,1.44B,-2.70%
9-Jul-21,0.219272,0.207422,0.228825,0.195927,3.71B,5.71%
8-Jul-21,0.207422,0.222249,0.222825,0.204676,2.35B,-6.67%
7-Jul-21,0.222236,0.233139,0.236157,0.219121,1.48B,-4.68%
6-Jul-21,0.233139,0.230679,0.241535,0.228784,1.58B,1.07%
5-Jul-21,0.230667,0.241018,0.241018,0.224828,1.79B,-4.30%
4-Jul-21,0.241031,0.246818,0.248907,0.088727,1.31B,-2.34%
3-Jul-21,0.246818,0.24459,0.24919,0.241668,1.18B,0.92%
2-Jul-21,0.244571,0.243118,0.247206,0.237999,1.80B,0.43%
1-Jul-21,0.243534,0.253113,0.259426,0.237295,3.48B,-3.80%
30-Jun-21,0.253155,0.261972,0.262796,0.237309,2.62B,-3.36%
29-Jun-21,0.26196,0.255102,0.273184,0.250805,3.01B,2.69%
28-Jun-21,0.255086,0.264244,0.266409,0.249685,2.76B,-3.32%
27-Jun-21,0.263852,0.245715,0.266204,0.240106,3.12B,7.84%
26-Jun-21,0.244672,0.237536,0.254761,0.230747,4.13B,2.99%
25-Jun-21,0.237565,0.262855,0.288556,0.229007,9.17B,-9.61%
24-Jun-21,0.262808,0.234948,0.268676,0.222169,5.72B,11.86%
23-Jun-21,0.234934,0.19035,0.247364,0.181047,9.45B,23.42%
22-Jun-21,0.190348,0.179103,0.216312,0.164609,12.28B,6.12%
21-Jun-21,0.179371,0.279146,0.280051,0.16764,12.11B,-35.72%
20-Jun-21,0.27903,0.281178,0.288347,0.254218,2.67B,-0.78%
19-Jun-21,0.281223,0.291253,0.295581,0.281212,1.13B,-3.44%
18-Jun-21,0.291253,0.302532,0.303863,0.278563,2.23B,-3.73%
17-Jun-21,0.302527,0.304353,0.310874,0.299627,1.17B,-0.60%
16-Jun-21,0.304355,0.31817,0.319177,0.302738,1.58B,-4.35%
15-Jun-21,0.318183,0.326036,0.32869,0.314971,1.69B,-2.41%
14-Jun-21,0.326031,0.321525,0.335614,0.317576,2.12B,1.41%
13-Jun-21,0.321496,0.309628,0.326631,0.303964,1.66B,3.84%
12-Jun-21,0.309604,0.316841,0.316841,0.299227,1.99B,-2.28%
11-Jun-21,0.316842,0.325036,0.331803,0.310883,2.01B,-2.48%
10-Jun-21,0.324914,0.342524,0.344416,0.321813,2.26B,-5.15%
9-Jun-21,0.342546,0.326036,0.352889,0.312234,3.51B,5.07%
8-Jun-21,0.326014,0.330335,0.34016,0.296348,4.84B,-1.11%
7-Jun-21,0.329668,0.369419,0.377236,0.326892,3.31B,-10.73%
6-Jun-21,0.369287,0.371029,0.375676,0.365641,1.81B,-0.48%
5-Jun-21,0.371083,0.375948,0.392679,0.359655,3.84B,-1.29%
4-Jun-21,0.37595,0.399356,0.399609,0.34992,6.71B,-5.86%
3-Jun-21,0.399332,0.423221,0.440261,0.37731,7.34B,-5.62%
2-Jun-21,0.42313,0.369067,0.4441,0.351944,12.20B,14.65%
1-Jun-21,0.369066,0.323958,0.381584,0.310439,6.84B,13.93%
31-May-21,0.323951,0.300772,0.327625,0.293505,2.89B,7.55%
30-May-21,0.301199,0.302124,0.310034,0.286698,2.35B,-0.31%
29-May-21,0.302128,0.310742,0.317036,0.279573,3.10B,-2.77%
28-May-21,0.31073,0.332085,0.344428,0.30012,4.16B,-6.42%
27-May-21,0.332046,0.350464,0.350524,0.32524,2.96B,-5.26%
26-May-21,0.350483,0.345548,0.364539,0.336194,3.83B,1.45%
25-May-21,0.345477,0.364394,0.379504,0.323238,6.50B,-5.20%
24-May-21,0.364433,0.305975,0.369911,0.295792,8.16B,19.10%
23-May-21,0.305984,0.341509,0.349669,0.249235,9.45B,-10.40%
22-May-21,0.341484,0.358377,0.359675,0.317692,6.33B,-4.72%
21-May-21,0.358401,0.397731,0.411212,0.315049,8.54B,-9.89%
20-May-21,0.397741,0.330407,0.432618,0.297074,13.85B,20.40%
19-May-21,0.330353,0.474719,0.477866,0.217528,19.28B,-30.41%
18-May-21,0.474714,0.486444,0.512529,0.468941,4.75B,-2.40%
17-May-21,0.486366,0.513062,0.514821,0.457331,6.84B,-5.20%
16-May-21,0.513023,0.507796,0.547205,0.449635,8.26B,1.10%
15-May-21,0.507448,0.559594,0.563262,0.493248,7.92B,-9.32%
14-May-21,0.559581,0.486983,0.589075,0.464572,16.22B,14.93%
13-May-21,0.48691,0.389257,0.514831,0.353838,16.69B,25.12%
12-May-21,0.389159,0.493226,0.519039,0.385839,8.60B,-21.10%
11-May-21,0.493231,0.449956,0.544636,0.44294,12.46B,9.61%
10-May-21,0.449977,0.568689,0.568689,0.422392,15.36B,-20.87%
9-May-21,0.568682,0.63533,0.697487,0.423602,37.25B,-10.36%
8-May-21,0.634394,0.686914,0.738255,0.605162,16.92B,-7.64%
7-May-21,0.68688,0.579819,0.729865,0.519357,18.81B,18.46%
6-May-21,0.579839,0.653501,0.663006,0.541526,12.97B,-11.52%
5-May-21,0.655355,0.559521,0.693839,0.536232,28.03B,17.24%
4-May-21,0.559005,0.438349,0.594039,0.398416,31.90B,27.56%
3-May-21,0.438244,0.372467,0.443181,0.372467,9.97B,17.68%
2-May-21,0.372404,0.390686,0.399246,0.363912,8.20B,-4.67%
1-May-21,0.390642,0.336657,0.396647,0.327317,11.34B,16.04%
30-Apr-21,0.336635,0.303226,0.338327,0.300761,6.48B,11.01%
29-Apr-21,0.30324,0.323591,0.323797,0.295612,6.74B,-6.29%
28-Apr-21,0.323582,0.270696,0.343505,0.255591,21.22B,19.55%
27-Apr-21,0.270668,0.270118,0.278347,0.264018,5.38B,0.32%
26-Apr-21,0.269805,0.251192,0.279737,0.24739,7.90B,7.45%
25-Apr-21,0.251103,0.269932,0.288841,0.224455,10.02B,-7.00%
24-Apr-21,0.270017,0.24879,0.289165,0.229214,17.25B,8.56%
23-Apr-21,0.248731,0.2608,0.269065,0.166312,27.91B,-4.63%
22-Apr-21,0.26081,0.305718,0.308332,0.256061,17.34B,-14.67%
21-Apr-21,0.305633,0.317922,0.346599,0.297108,15.48B,-3.80%
20-Apr-21,0.317696,0.407451,0.422212,0.271758,33.27B,-22.01%
19-Apr-21,0.407335,0.322197,0.433969,0.309128,31.68B,26.49%
18-Apr-21,0.322037,0.282723,0.349748,0.239707,29.11B,14.23%
17-Apr-21,0.281909,0.365389,0.378924,0.23201,39.28B,-22.88%
16-Apr-21,0.365551,0.182628,0.449889,0.180132,83.39B,99.99%
15-Apr-21,0.182784,0.121275,0.189446,0.120291,37.96B,50.63%
14-Apr-21,0.121349,0.09425,0.144229,0.092535,57.29B,29.42%
13-Apr-21,0.093763,0.070709,0.095671,0.070705,23.19B,32.59%
12-Apr-21,0.070719,0.074205,0.075337,0.068792,8.90B,-4.63%
11-Apr-21,0.07415,0.06368,0.079712,0.063402,24.47B,16.43%
10-Apr-21,0.063688,0.061605,0.065016,0.060969,5.30B,3.42%
9-Apr-21,0.061582,0.061754,0.063832,0.060536,4.13B,-0.28%
8-Apr-21,0.061757,0.05873,0.062168,0.058705,3.86B,5.16%
7-Apr-21,0.058728,0.064281,0.067151,0.057211,9.59B,-8.64%
6-Apr-21,0.064283,0.059921,0.064989,0.058068,9.45B,7.23%
5-Apr-21,0.059948,0.057393,0.060593,0.056318,5.22B,4.44%
4-Apr-21,0.057401,0.055542,0.058122,0.055121,3.28B,3.32%
3-Apr-21,0.055554,0.057567,0.05944,0.055553,4.08B,-3.50%
2-Apr-21,0.05757,0.062093,0.062794,0.057285,8.10B,-7.31%
1-Apr-21,0.062113,0.053742,0.070722,0.053723,26.14B,15.57%
31-Mar-21,0.053744,0.054026,0.054484,0.051896,2.26B,-0.52%
30-Mar-21,0.054027,0.054122,0.055567,0.053738,2.81B,-0.14%
29-Mar-21,0.054102,0.053641,0.054673,0.05323,1.92B,0.87%
28-Mar-21,0.053637,0.054436,0.054859,0.053046,1.42B,-1.45%
27-Mar-21,0.054426,0.053976,0.055388,0.053456,2.39B,0.84%
26-Mar-21,0.053973,0.051249,0.053988,0.051241,2.11B,5.29%
25-Mar-21,0.051263,0.051501,0.05241,0.04965,3.47B,-0.48%
24-Mar-21,0.05151,0.053431,0.056659,0.050887,3.00B,-3.61%
23-Mar-21,0.053437,0.054913,0.056043,0.052797,2.81B,-2.72%
22-Mar-21,0.054929,0.057475,0.057923,0.054801,2.42B,-4.42%
21-Mar-21,0.057471,0.058829,0.059509,0.056763,2.57B,-2.31%
20-Mar-21,0.058827,0.058263,0.060603,0.058042,3.43B,0.95%
19-Mar-21,0.05827,0.05729,0.059825,0.056462,3.12B,1.70%
18-Mar-21,0.057294,0.057878,0.05915,0.056997,2.56B,-1.01%
17-Mar-21,0.05788,0.058606,0.058881,0.056567,2.39B,-1.25%
16-Mar-21,0.058611,0.056968,0.05905,0.055365,3.91B,2.89%
15-Mar-21,0.056965,0.058429,0.059736,0.055064,4.77B,-2.51%
14-Mar-21,0.058431,0.062676,0.06351,0.058431,9.16B,-6.80%
13-Mar-21,0.062694,0.055238,0.062739,0.054694,6.37B,13.45%
12-Mar-21,0.055261,0.055896,0.056965,0.054298,3.66B,-1.13%
11-Mar-21,0.055893,0.055877,0.056895,0.054398,3.39B,-0.01%
10-Mar-21,0.0559,0.0579,0.058642,0.054554,4.71B,-3.58%
9-Mar-21,0.057978,0.062851,0.062851,0.056009,8.67B,-7.75%
8-Mar-21,0.062848,0.051888,0.062848,0.051622,13.64B,21.14%
7-Mar-21,0.051881,0.050924,0.052248,0.050548,3.03B,1.86%
6-Mar-21,0.050935,0.049523,0.052453,0.049256,5.28B,2.73%
5-Mar-21,0.049584,0.049925,0.050877,0.048026,3.76B,-0.69%
4-Mar-21,0.049927,0.050469,0.051118,0.047762,3.65B,-1.08%
3-Mar-21,0.050474,0.050343,0.052153,0.050011,3.64B,0.39%
2-Mar-21,0.050279,0.050582,0.052423,0.049198,4.67B,-0.59%
1-Mar-21,0.050576,0.048134,0.05229,0.047929,5.22B,5.08%
28-Feb-21,0.048129,0.050076,0.050176,0.044811,4.85B,-3.89%
27-Feb-21,0.050076,0.050466,0.051993,0.049173,4.45B,-0.77%
26-Feb-21,0.050463,0.049909,0.052537,0.048537,6.16B,0.84%
25-Feb-21,0.050045,0.056663,0.05803,0.049862,9.27B,-11.67%
24-Feb-21,0.056653,0.047663,0.0604,0.046065,19.49B,18.84%
23-Feb-21,0.047673,0.053537,0.053774,0.041782,11.25B,-10.94%
22-Feb-21,0.05353,0.056136,0.060737,0.046516,15.50B,-4.21%
21-Feb-21,0.055881,0.054196,0.059292,0.05335,10.29B,3.23%
20-Feb-21,0.054135,0.055044,0.060455,0.051115,14.03B,-1.64%
19-Feb-21,0.055036,0.059117,0.059628,0.054075,11.88B,-6.93%
18-Feb-21,0.059134,0.049469,0.063482,0.04897,21.38B,19.54%
17-Feb-21,0.049467,0.053513,0.055054,0.04796,10.52B,-7.56%
16-Feb-21,0.053513,0.056427,0.05981,0.050815,11.60B,-5.19%
15-Feb-21,0.056442,0.062639,0.064003,0.047653,19.30B,-9.89%
14-Feb-21,0.062639,0.066244,0.066392,0.055785,13.80B,-5.45%
13-Feb-21,0.066249,0.069815,0.071703,0.065915,7.32B,-5.07%
12-Feb-21,0.069791,0.06978,0.07272,0.061285,13.24B,0.26%
11-Feb-21,0.069611,0.07258,0.074843,0.068152,11.23B,-4.10%
10-Feb-21,0.072584,0.070015,0.081396,0.067081,22.67B,3.67%
9-Feb-21,0.070012,0.078782,0.083567,0.064053,22.36B,-11.14%
8-Feb-21,0.078793,0.077936,0.085037,0.063839,38.11B,0.36%
7-Feb-21,0.078508,0.057506,0.086356,0.053464,54.23B,36.62%
6-Feb-21,0.057465,0.046788,0.058646,0.044505,26.40B,22.83%
5-Feb-21,0.046783,0.052933,0.054033,0.043289,27.11B,-11.64%
4-Feb-21,0.052944,0.03734,0.059081,0.035919,72.24B,41.77%
3-Feb-21,0.037345,0.031297,0.039651,0.031031,20.28B,19.33%
2-Feb-21,0.031296,0.034784,0.035142,0.029054,19.70B,-9.82%
1-Feb-21,0.034705,0.036826,0.0437,0.033096,39.34B,-5.80%
31-Jan-21,0.036841,0.028199,0.048998,0.026909,65.01B,30.66%
30-Jan-21,0.028197,0.045859,0.050499,0.022269,77.24B,-39.49%
29-Jan-21,0.046597,0.036085,0.07797,0.03234,146.80B,28.49%
28-Jan-21,0.036265,0.007415,0.037902,0.007415,12.41B,387.36%
27-Jan-21,0.007441,0.008244,0.008245,0.007268,2.01B,-9.70%
26-Jan-21,0.00824,0.008349,0.008454,0.008014,1.47B,-1.35%
25-Jan-21,0.008353,0.008714,0.008899,0.008259,2.07B,-4.14%
24-Jan-21,0.008714,0.008571,0.008955,0.008504,1.84B,1.67%
23-Jan-21,0.008571,0.008516,0.008801,0.008359,1.79B,0.65%
22-Jan-21,0.008516,0.008167,0.008751,0.007571,2.47B,4.20%
21-Jan-21,0.008172,0.009055,0.009099,0.008049,2.88B,-9.75%
20-Jan-21,0.009055,0.00905,0.009141,0.008506,2.65B,0.02%
19-Jan-21,0.009053,0.009173,0.009655,0.009,3.51B,-1.29%
18-Jan-21,0.009172,0.009094,0.009302,0.008949,2.48B,0.86%
17-Jan-21,0.009094,0.009235,0.009365,0.008806,3.07B,-1.52%
16-Jan-21,0.009235,0.00937,0.009546,0.009095,3.59B,-1.48%
15-Jan-21,0.009373,0.009398,0.009827,0.008373,6.69B,-0.28%
14-Jan-21,0.0094,0.008672,0.010064,0.008329,7.54B,8.43%
13-Jan-21,0.008669,0.008068,0.008669,0.007779,3.98B,7.47%
12-Jan-21,0.008066,0.008824,0.009136,0.007848,5.99B,-8.63%
11-Jan-21,0.008828,0.009829,0.009846,0.006727,11.36B,-10.20%
10-Jan-21,0.009831,0.010159,0.01085,0.009056,8.01B,-3.22%
9-Jan-21,0.010158,0.009753,0.010687,0.009658,6.61B,4.15%
8-Jan-21,0.009753,0.009728,0.010253,0.008834,5.48B,0.29%
7-Jan-21,0.009724,0.010443,0.010497,0.008972,7.15B,-6.88%
6-Jan-21,0.010443,0.00996,0.010968,0.009652,16.84B,4.87%
5-Jan-21,0.009958,0.009784,0.010319,0.008866,15.37B,1.82%
4-Jan-21,0.00978,0.009845,0.011493,0.007623,38.72B,-0.71%
3-Jan-21,0.00985,0.010493,0.013928,0.009381,71.68B,-6.09%
2-Jan-21,0.010489,0.005667,0.014008,0.005553,100.85B,85.27%
1-Jan-21,0.005661,0.004666,0.005676,0.004606,8.41B,21.33%
